point_id,emission,lat,lon,river_name
251,1.27251,-16.942083333726316,145.77958333332492,
450,0.543931,-11.275416666918147,159.7620833333242,
687,0.203311,-9.735416666880894,160.76374999999075,
688,0.496105,-9.727083333547398,124.8579166666592,
689,1.7207,-9.722083333547232,147.4579166666582,
690,7.72064,-9.717500000845405,119.11208333332604,
691,0.210539,-9.717083333547125,120.5745833333258,
692,2.71286,-9.710416666880237,123.68458333332616,
693,0.523692,-9.705416666880184,160.69541666665782,
694,0.695211,-9.698750000213352,124.88874999999246,
695,4.85678,-9.698750000213296,150.04958333332456,
696,0.46632,-9.691250000213133,124.9012499999924,
697,0.105232,-9.689583333546466,159.71708333332413,
698,0.682728,-9.687916666879744,123.6837499999923,
699,0.927453,-9.686250000213022,120.50458333332595,
700,3.42968,-9.681250000212856,150.7970833333245,
701,0.13694,-9.677916666879526,119.03208333332589,
702,0.155589,-9.677916666879526,161.5220833333242,
703,0.837986,-9.66875000021264,120.32124999999267,
704,1.80483,-9.66875000021264,160.65791666665768,
705,0.156179,-9.667083333545918,150.76458333332448,
706,1.46289,-9.664999999838583,120.3333333317688,
707,0.124616,-9.66291666687914,150.85458333332463,
708,2.14878,-9.66041666687903,120.30958333332605,
709,0.281305,-9.66041666687903,161.4729166666575,
710,1.18766,-9.657916666879032,147.40458333332492,
711,0.135217,-9.65541667014105,119.0158333333261,
712,0.286629,-9.652916670141508,161.5041666666575,
713,0.277383,-9.650416666878812,161.4312499999911,
714,1.04917,-9.649583333545536,150.01124999999126,
715,0.527872,-9.648750000212146,123.67208333332589,
716,0.172876,-9.647083333545424,120.38874999999268,
717,3.22842,-9.642916670142483,120.26333333332605,
718,0.302895,-9.642083333545258,149.90124999999125,
719,1.13145,-9.642083333545258,160.66124999999113,
720,0.430675,-9.641250000211985,120.25208333332604,
721,8.22304,-9.637916666878482,149.86791666665795,
722,0.224269,-9.634583333545097,161.4829166666575,
723,2.65187,-9.629583333544929,119.00458333332584,
724,0.608838,-9.6299999998335,161.4708333317675,
725,29.9522,-9.622916666878211,124.98624999999254,
726,0.521118,-9.622916666878211,160.6462499999909,
727,0.208869,-9.617916666878044,161.40791666665746,
728,0.518974,-9.617083333544713,159.66958333332434,
729,0.524949,-9.617083333544713,161.54624999999078,
730,1.85705,-9.612083333544549,124.98624999999232,
731,1.5961,-9.612083333544549,149.45458333332454,
732,1.35175,-9.611250000211156,149.66708333332463,
733,0.306195,-9.611250000211273,149.69208333332483,
734,0.767139,-9.610416666877882,149.59291666665786,
735,4.14252,-9.610416666877882,160.6370833333242,
736,3.23242,-9.60958333681276,118.98583333332613,
737,1.35686,-9.609583333544547,149.66624999999135,
738,2.13439,-9.603750000211107,160.63541666665742,
739,4.06698,-9.597916666877666,149.54208333332463,
740,0.435625,-9.59708333354422,118.97208333332584,
741,0.268287,-9.596250000210771,149.48791666665807,
742,0.494248,-9.58958333681477,150.87166666665803,
743,0.297882,-9.587916666877334,159.65458333332435,
744,4.06588,-9.587916666877334,160.61541666665744,
745,0.583452,-9.582083333543892,147.36291666665807,
746,0.110645,-9.58041666687717,161.41041666665762,
747,0.980017,-9.570416666876838,123.73374999999236,
748,1.24431,-9.569583333543562,160.5987499999908,
749,0.959371,-9.56708333681729,161.41083333332426,
750,2.25361,-9.565416666876786,149.41708333332474,
751,0.135983,-9.5620833335434,150.50208333332455,
752,0.552787,-9.557916666876622,159.63458333332449,
753,2.96164,-9.553333333156049,149.41000000154793,
754,2.0228,-9.55208333354318,124.97874999999226,
755,0.122791,-9.54916666749591,160.56791666665754,
801,0.378512,-9.445416666873824,150.18624999999133,
802,0.641392,-9.443750000207215,120.06124999999248,
803,0.886016,-9.44125000020722,161.33791666665752,
804,0.97251,-9.436250000207052,123.8970833333259,
805,14.3845,-9.434583333540331,159.96624999999108,
806,0.691536,-9.432083333540165,150.67041666665796,
807,0.443611,-9.432083333540165,160.1120833333241,
808,0.257039,-9.431250000206887,125.11708333332592,
809,0.655213,-9.430416666873612,159.99208333332444,
810,3.5827,-9.430416666873612,160.3879166666577,
811,2.52679,-9.429166667484369,160.08374999999114,
812,0.568234,-9.42875000020689,161.4054166666574,
813,2.30903,-9.427916666873555,159.9454166666576,
814,1.22292,-9.42708333354011,150.65791666665802,
815,0.508827,-9.42708333354011,160.0787499999908,
816,1.57738,-9.426250000206837,147.08291666665832,
817,0.242652,-9.426250000206837,159.9070833333244,
818,1.10469,-9.422916666873448,150.72708333332469,
819,2.34769,-9.423333334150584,159.92291666665756,
820,1.62793,-9.422500000817138,160.3204166666576,
821,0.974397,-9.421250000206667,147.11458333332462,
822,1.52051,-9.421250000206667,149.1912499999912,
823,0.212802,-9.417916666873282,159.90041666665752,
824,0.640499,-9.41625000020656,125.14791666665906,
825,4.54164,-9.415416666873284,160.19708333332414,
826,3.9298,-9.415416666873284,160.2729166666575,
827,4.21813,-9.415416666873227,160.2770833333243,
828,0.601858,-9.413750000206504,125.15874999999257,
829,1.32152,-9.411250000206394,119.1137499999926,
830,0.169099,-9.411250000206394,125.17791666665936,
831,0.286861,-9.410833334149345,159.89624999999114,
832,7.70001,-9.40791667163876,160.03624999999113,
833,3.93584,-9.407083333539674,160.15208333332407,
834,0.372815,-9.402083333539622,119.12708333332604,
835,0.196599,-9.39958333353951,119.78958333332616,
836,0.232698,-9.39958333353951,150.37624999999127,
837,1.79463,-9.398750000206064,123.94124999999246,
838,3.60833,-9.397083333539513,120.03208333332624,
839,0.218217,-9.39625000020618,161.3920833333243,
840,3.56281,-9.391666666467302,119.21833333488088,
841,0.263236,-9.38708333353918,149.18041666665818,
842,0.221245,-9.38708333353918,150.62291666665828,
843,0.868133,-9.386250000205736,119.23041666665928,
844,3.14299,-9.386250000205736,119.75958333332608,
845,1.25907,-9.38541666687246,119.70541666665918,
846,0.110755,-9.38541666687246,120.01124999999251,
847,0.447562,-9.382083333539017,119.81958333332592,
848,0.150546,-9.377916666872297,119.6762499999926,
849,0.116509,-9.377916666872297,159.59708333332424,
850,0.131424,-9.377916666872297,161.29874999999095,
851,2.97651,-9.377083333538964,119.34874999999296,
852,4.04605,-9.37583333414591,119.42624999999248,
853,4.92448,-9.37541666687224,119.54124999999294,
854,0.268731,-9.37541666687224,159.8687499999911,
855,13.7929,-9.37012131775873,125.25012209425472,
856,0.724143,-9.3695833335388,150.36291666665784,
857,0.170228,-9.3695833335388,150.42624999999134,
858,0.198487,-9.369166666464366,161.17749999843636,
859,0.111411,-9.367916666871963,119.26958333332595,
860,0.459658,-9.367916666871963,119.6562499999925,
861,1.1805,-9.36708333353863,119.31541666665942,
862,2.41402,-9.36708333353863,119.4895833333262,
863,1.54557,-9.366250000205357,150.56958333332466,
864,0.478537,-9.360833334144502,119.83958333332625,
865,1.57737,-9.357916666871745,159.85041666665768,
866,7.99032,-9.351250000205027,125.27041666665924,
867,0.634777,-9.351250000205027,161.14208333332408,
868,0.16902,-9.348750000204973,119.85791666665932,
869,0.148269,-9.34625000020486,119.60874999999272,
870,0.175406,-9.345416666871586,124.01374999999234,
871,0.146485,-9.34499999979448,150.53083333487905,
872,1.10678,-9.343750000204864,119.86541666665914,
873,1.05055,-9.34375000350616,161.1391666666575,
874,0.340453,-9.339583333537972,161.10041666665757,
875,1.27225,-9.338750000204698,150.35874999999123,
876,0.568074,-9.337083333537976,159.82708333332425,
877,5.11755,-9.324583333537646,124.07791666665923,
878,8.54598,-9.32500000080779,125.29791666665926,
879,0.149831,-9.32500000080779,159.81208333332427,
880,0.173677,-9.321250000204202,159.806249999991,
881,7.51585,-9.318750000204204,125.30541666665908,
882,0.548647,-9.318750000204204,161.0837499999907,
883,0.487985,-9.317083333537482,161.2429166666575,
884,0.197277,-9.316250000204208,159.80124999999111,
885,0.335125,-9.302916670176614,159.78916666665793,
886,0.425877,-9.298750000203713,149.2212499999914,
887,3.02078,-9.298750000203713,161.06208333332438,
888,0.334291,-9.297916666870378,124.1370833333259,
889,4.89505,-9.297083333536987,125.33958333332588,
890,3.31895,-9.29500000080492,150.34458333332464,
891,0.266625,-9.290416666870216,159.7720833333242,
892,0.155464,-9.2904166668701,161.24624999999082,
893,3.87618,-9.289583333536768,142.52624999999182,
894,0.525303,-9.287916666870046,150.3412499999913,
895,1.08275,-9.28708333353677,125.3529166666591,
896,0.251043,-9.284583333536771,124.16791666665904,
897,0.228706,-9.282083333536718,159.75541666665788,
898,0.10704,-9.280416666869884,161.2145833333243,
899,0.594844,-9.277500000803172,159.73958333332416,
900,2.82245,-9.274583333536556,161.22458333332452,
901,3.24285,-9.271250000203167,125.37541666665912,
902,0.107966,-9.26458333353628,161.01124999999115,
903,15.6246,-9.25875000351391,125.4174999999924,
904,8.475,-9.255416666869335,125.44541666665918,
905,4.21177,-9.247083333535784,161.0062499999908,
906,1.46611,-9.239166667466236,124.22208333332604,
907,0.869298,-9.232083333535456,149.23958333332484,
908,3.70286,-9.221666667464548,125.51458333332585,
909,42.9489,-9.220416666868516,125.5212499999925,
910,0.721634,-9.21958333353524,161.23458333332428,
911,35.9269,-9.211250003518105,124.30333333332578,
912,0.402423,-9.210416666868356,150.1745833333248,
913,0.103565,-9.210416666868356,160.96541666665755,
914,2.45692,-9.208750000201462,150.24124999999117,
915,0.165736,-9.207916666868186,161.23374999999078,
916,0.127176,-9.205416666868189,160.96541666665755,
917,1.69677,-9.204583333534856,141.6137499999919,
918,0.651883,-9.204583333534856,150.18791666665788,
919,0.168695,-9.203750000201468,125.56624999999258,
920,0.312902,-9.197916666867968,152.91458333332469,
921,0.166826,-9.1941666674619,160.95041666665793,
922,43.5892,-9.19291666686786,125.70124999999246,
923,0.731917,-9.192083333534526,125.58374999999228,
924,0.568159,-9.190416666867804,141.93208333332495,
925,0.277747,-9.188333334127949,160.94124999999076,
926,0.88885,-9.185416666867638,125.61874999999236,
927,0.374346,-9.183750003520288,161.23833333332425,
928,0.708537,-9.181250003520743,124.40499999999258,
929,0.434328,-9.181250000200976,160.34624999999096,
930,1.82817,-9.17625000020081,124.56208333332596,
931,0.178205,-9.175416666867363,152.9470833333247,
932,0.166815,-9.174583333534088,160.8970833333243,
933,26.428,-9.171250000200644,141.2979166666587,
934,0.863492,-9.170416666867313,160.92291666665756,
935,0.133479,-9.170416666867313,160.92708333332416,
936,1.54717,-9.168750000200646,125.72374999999248,
937,0.942151,-9.165416666867202,125.7329166666591,
938,1.03058,-9.164166667458971,152.99041666665823,
939,0.141743,-9.161250003522468,124.59166666665908,
940,0.128101,-9.159583333533703,152.99541666665775,
941,0.331839,-9.157083333533592,142.9454166666585,
942,0.239808,-9.157083333533706,160.3870833333242,
943,0.171433,-9.157083333533706,160.86958333332404,
944,0.224766,-9.152916666866872,152.69541666665782,
945,0.40211,-9.14791666686682,161.19708333332449,
946,0.222001,-9.14708333353343,142.05374999999208,
947,1.55243,-9.145416666866709,125.79874999999232,
948,0.359828,-9.141250000199932,160.85874999999112,
949,0.171163,-9.13958333353321,161.19708333332449,
950,0.138522,-9.137083333533212,161.19708333332449,
951,8.2219,-9.132916666866493,125.94124999999246,
952,0.323034,-9.129583333533049,125.88874999999246,
953,0.170592,-9.128750000199602,160.2904166666574,
954,0.194295,-9.126666667455424,125.842916666659,
955,1.03306,-9.12291666686616,160.84291666665774,
956,0.900761,-9.119583333532546,159.2137499999908,
957,0.397498,-9.119583333532546,160.2862499999909,
958,0.957392,-9.116250000199273,124.67291666665903,
959,0.686599,-9.108750000199109,143.00374999999178,
960,1.51562,-9.1070833335325,148.78624999999124,
961,2.45722,-9.103750003527123,125.99249999999232,
962,0.248096,-9.101250000198943,160.22708333332457,
963,0.106953,-9.09875000019889,124.68541666665897,
964,1.12649,-9.093750000198895,160.8287499999908,
965,1.4094,-9.092083333532171,152.61874999999122,
966,0.234595,-9.090416666865336,160.19124999999076,
967,0.697257,-9.090416666865336,161.17041666665762,
968,0.267625,-9.08791666686534,152.70041666665782,
969,0.197166,-9.087083333532007,159.19874999999104,
970,0.441074,-9.086250000198618,142.0512499999918,
971,0.26184,-9.086250000198618,148.62458333332472,
972,0.851381,-9.086250000198618,159.22708333332446,
973,0.200281,-9.086666667451595,160.22124999999073,
974,0.363356,-9.082916666865174,161.16874999999072,
975,0.937931,-9.073750000198402,148.5920833333247,
976,1.13816,-9.073750000198402,160.81041666665735,
977,0.476205,-9.072083333531566,152.5720833333246,
978,0.326875,-9.072083338351376,152.8370833333246,
979,10.1313,-9.056250000197906,126.06208333332565,
980,0.748602,-9.052083333531016,146.745416666658,
981,0.291569,-9.052083333531016,149.05041666665818,
982,0.134613,-9.050416666864464,159.08708333332424,
983,8.25243,-9.048750003531724,149.03499999999144,
984,0.547863,-9.045416666864298,124.75291666665942,
985,0.233168,-9.045416666864298,148.91958333332468,
986,0.141786,-9.045416666864298,149.3129166666581,
987,0.156604,-9.043750000197576,159.11041666665778,
988,1.27704,-9.04333333308938,148.56416666820678,
989,4.95504,-9.038750000197524,143.1745833333248,
990,0.784431,-9.035416666864135,149.2404166666579,
991,0.15348,-9.03583333308842,160.8000000015394,
992,0.53603,-9.032083333530691,116.80874999999264,
993,0.745639,-9.030416666863973,146.97541666665802,
994,0.153105,-9.029583333530695,149.14208333332488,
995,0.274943,-9.028750000197247,160.79541666665762,
996,0.474006,-9.026250000197194,149.1395833333247,
997,0.262602,-9.023750000197085,117.4620833333264,
998,0.377634,-9.020416666863753,149.28624999999147,
999,3.0809,-9.01875000019703,126.10208333332594,
1000,0.106166,-9.01875000019703,160.20708333332414,
1001,4.23162,-9.01791666686364,117.20374999999262,
1002,0.404344,-9.01791666686364,124.79291666665917,
1003,0.221028,-9.017500000778284,152.81041666665806,
1004,1.07105,-9.016666667444838,117.19874999999286,
1005,0.254308,-9.0120833335302,149.19874999999138,
1006,0.100866,-9.00875000019687,160.23624999999083,
1007,0.147955,-9.00416666641786,124.83750000154032,
1008,0.171243,-8.992083333529706,161.12958333332415,
1009,0.122538,-8.989583333529652,160.76708333332442,
1010,2.94592,-8.989166667442305,126.15541666665888,
1011,0.162487,-8.98791666686293,142.23124999999175,
1012,2.76142,-8.985416666862818,161.1262499999907,
1013,2.3782,-8.982083333529488,126.17208333332565,
1014,3.93212,-8.981250000196042,126.28291666665928,
1015,8.63976,-8.977916666862598,142.02458333332538,
1016,8.39057,-8.9754166668626,126.24041666665904,
1017,0.870654,-8.973750000195992,116.73708333332593,
1018,0.670089,-8.972916666862602,146.58624999999142,
1019,0.381872,-8.96999999974696,161.13500000153772,
1020,0.922173,-8.968750000195882,160.75874999999098,
1021,0.104875,-8.967083333529104,148.52541666665795,
1022,0.153265,-8.966250000195714,152.46041666665803,
1023,0.565345,-8.964583333528992,142.24791666665828,
1024,0.145425,-8.957083333528828,124.94791666665913,
1025,0.747824,-8.95458333352883,148.52624999999125,
1026,0.312149,-8.953750000195498,160.76041666665765,
1027,19.1067,-8.952083333528776,126.3870833333258,
1028,0.975548,-8.947916666862056,126.42541666665898,
1029,0.488452,-8.947083333528667,126.44708333332552,
1030,0.330329,-8.944583333528612,120.97291666665932,
1031,2.15992,-8.943750000195223,124.97458333332564,
1032,2.79102,-8.930416666861618,160.76124999999104,
1033,0.38226,-8.926250000194727,146.5729166666581,
1034,0.416934,-8.924583333528119,151.90541666665786,
1035,3.52591,-8.92375000019473,160.76124999999104,
1036,0.227944,-8.921666667435716,117.68041666665964,
1037,0.226958,-8.91958333352801,117.7412499999931,
1038,0.110477,-8.912916666861122,148.50374999999144,
1039,0.84314,-8.9112500001944,161.06958333332432,
1040,0.38452,-8.909583333527792,160.76124999999104,
1041,0.50289,-8.908750000194345,121.12458333332576,
1042,0.115404,-8.905416666860901,117.7970833333261,
1043,0.117216,-8.905416666860901,161.05791666665775,
1044,0.157341,-8.904583333527626,161.07624999999098,
1045,0.598023,-8.901250000194182,116.22624999999287,
1046,0.754072,-8.901250000194182,116.2945833333265,
1047,1.08972,-8.901250000194182,116.33958333332625,
1048,0.441471,-8.901250000194182,116.35124999999287,
1049,0.175013,-8.901250000194182,161.0520833333244,
1050,0.134888,-8.898750000194184,121.13958333332585,
1051,0.220898,-8.89750000076674,160.7570833333241,
1052,0.473125,-8.892916666860685,116.28124999999272,
1053,0.205102,-8.892083333527296,116.75291666665964,
1054,0.202621,-8.885416666860408,120.8729166666592,
1055,1.7144,-8.882083333527078,160.7512499999907,
1056,0.210993,-8.881666667432,148.49291666665795,
1057,1.53183,-8.880416666860413,126.52291666665884,
1058,1.09228,-8.87875000019369,125.00458333332574,
1059,0.565901,-8.872500000764433,120.69374999999252,
1060,1.98284,-8.872083333526803,126.527083333326,
1061,0.279962,-8.871250000193527,160.7520833333242,
1062,0.110749,-8.870416666860194,116.16208333332622,
1063,17.2363,-8.86708333352675,116.38708333332625,
1064,0.192121,-8.867083333526637,120.86791666665908,
1065,1.85526,-8.86625000019336,161.00791666665737,
1066,0.386984,-8.865416666859915,161.00541666665765,
1067,10.6814,-8.863750000193363,126.53291666665903,
1068,1.3406,-8.862083333526584,160.75291666665782,
1069,0.125751,-8.862083333526584,161.01291666665793,
1070,0.746244,-8.858750003545993,120.8616666666594,
1071,0.180047,-8.857916666859865,160.98208333332423,
1072,0.66394,-8.856666667429465,116.39041666665946,
1073,0.120786,-8.854583333526307,146.58958333332498,
1074,0.138895,-8.853750000193031,116.49624999999276,
1075,0.22904,-8.849583333526311,116.772083333326,
1076,0.572195,-8.848750000192979,160.7412499999907,
1077,1.65188,-8.846250000192867,121.67791666665948,
1078,0.661154,-8.841250000192701,120.85624999999254,
1541,1.27273,-8.395416671755243,116.09708333332615,
1542,0.607892,-8.395416666848746,157.60791666665784,
1543,2.08756,-8.39500000071871,112.45041666665976,
1544,11.7147,-8.394583333515413,112.48124999999322,
1545,0.267978,-8.394583333515413,126.83874999999216,
1546,0.711713,-8.392083333515302,113.40208333332656,
1547,0.513597,-8.390416666848694,123.16624999999247,
1548,0.358112,-8.390416666848694,148.20541666665838,
1549,0.711776,-8.388750000181972,112.4370833333262,
1550,0.596058,-8.38625000018186,138.14208333332522,
1551,0.209675,-8.385416666848585,112.7745833333264,
1552,232.818,-8.384583333515138,113.47624999999287,
1553,0.105306,-8.384583333515138,157.6237499999911,
1554,0.293225,-8.383750000181863,112.4229166666596,
1555,0.700194,-8.38208333351514,124.11958333332564,
1556,5.14248,-8.381250000181808,114.34874999999283,
1557,0.157411,-8.381250000181808,120.97458333332588,
1558,0.153506,-8.381666667384138,160.80791666665766,
1559,68.3592,-8.380833334050806,113.42291666665994,
1560,0.297483,-8.380416666848419,117.17624999999282,
1561,0.147069,-8.380416666848419,122.88041666665912,
1562,9.73229,-8.379583333515086,112.40708333332624,
1563,0.201174,-8.38000000071736,112.90124999999318,
1564,0.984388,-8.379583333515086,120.14708333332578,
1565,1.09608,-8.377916666848364,117.147083333326,
1566,0.141313,-8.377916666848364,124.35874999999248,
1567,0.195584,-8.377083333514975,159.6412499999908,
1568,0.672687,-8.376250000181642,160.69708333332414,
1569,13.7083,-8.37458333351492,112.3887499999928,
1570,3.12317,-8.37458333351492,112.39208333332613,
1571,2.89313,-8.37458333351492,116.72374999999283,
1572,0.757003,-8.37375000018153,123.38708333332568,
1573,1.81797,-8.374386814169497,160.7160525344383,
1574,0.908361,-8.372083333514809,118.69291666665936,
1575,0.516244,-8.372500000716627,160.6870833333246,
1576,0.154668,-8.371250000181476,112.83708333332652,
1577,8.21003,-8.371250000181476,148.20541666665838,
1578,1.33673,-8.3704166668482,126.88458333332584,
1579,0.356104,-8.369583333514754,116.1195833333262,
1580,5.04399,-8.369583333514754,118.31791666665936,
1581,3.11755,-8.369166667383013,114.351249999993,
1600,7.51493,-8.351250000180983,112.95874999999296,
1601,0.55331,-8.351666667381267,160.76458333332425,
1602,1.95422,-8.349583333514431,116.14791666665964,
1603,0.747898,-8.348750000181099,112.26541666665968,
1604,9.19562,-8.348750000181099,114.54624999999282,
1605,0.283224,-8.348750000181099,120.18374999999276,
1606,0.137513,-8.348750000181099,120.741249999993,
1607,1.36653,-8.348333333011055,112.3600000015183,
1608,2.75285,-8.347916666847652,160.6279166666577,
1609,0.113217,-8.347083336910487,123.734166666659,
1610,0.400646,-8.345416666847541,112.23874999999282,
1611,4.43287,-8.345416666847541,114.35624999999276,
1612,0.323234,-8.345416670243765,120.18583333332616,
1613,0.111389,-8.345416666847541,160.72041666665746,
1614,0.374409,-8.344583333514265,114.54291666665938,
1615,0.160164,-8.344583333514265,120.77791666665928,
1616,1.07805,-8.343750000180819,115.67374999999264,
1617,0.298111,-8.343750000180819,160.61791666665772,
1618,2.21303,-8.34208333351421,116.70874999999272,
1619,1.87371,-8.34208333351421,120.76874999999244,
1620,2.50707,-8.341250000180821,120.724583333326,
1621,0.161845,-8.340416666847489,120.72041666665928,
1622,0.659423,-8.338750000180653,112.27541666665968,
1623,3.42346,-8.337499999676595,112.27916666513477,
1624,3.00904,-8.336250000180655,112.30874999999288,
1625,61.4749,-8.336250000180655,113.3470833333264,
1626,0.157541,-8.33583333300976,124.390833331801,
1627,5.00884,-8.33541666684738,142.78458333332514,
1628,0.680193,-8.3337500001806,116.69208333332642,
1629,5.74872,-8.332083333513935,112.33458333332636,
1630,0.133322,-8.332083336911126,116.69083333332615,
1631,0.228637,-8.332083333513935,157.29458333332434,
1632,0.372034,-8.33125000018049,118.9929166666592,
1633,1.85954,-8.330833333009139,112.22250000151767,
1634,1.01473,-8.329583333513938,157.27041666665798,
1635,0.415849,-8.328750000180435,112.97458333332612,
1636,0.286318,-8.328750000180435,160.59208333332413,
1637,0.139882,-8.327916666847159,111.69041666665976,
1638,3.8938,-8.328333333008914,120.68916666818404,
1639,16.2908,-8.326561293001078,112.21795272252008,
1640,6.554,-8.326666667378959,115.63374999999267,
1641,0.359126,-8.326250000180494,122.9245833333258,
1642,16.0586,-8.32375000018044,112.1829166666596,
1643,0.953059,-8.32291666684705,157.24958333332427,
1644,8.81245,-8.31875000018033,112.06874999999286,
1645,0.840305,-8.317916670245154,114.51999999999305,
1646,0.463756,-8.317916666846884,116.18874999999288,
1647,4.33126,-8.316250000180275,111.57291666665958,
1648,0.316293,-8.316250003578602,118.38916666665956,
1649,0.225988,-8.316250000180275,118.667083333326,
1650,4.46041,-8.316250000180275,118.76291666665952,
1651,0.184044,-8.31541666684683,112.08958333332636,
1652,4.26088,-8.31541666684683,112.1395833333264,
1653,3.49358,-8.31541666684683,112.14541666665946,
1654,0.118033,-8.315416666846886,157.24708333332455,
1655,1.3745,-8.314583333513553,112.11041666665972,
1656,3.22283,-8.314583333513553,112.12374999999328,
1657,0.399637,-8.314583333513553,114.36291666665966,
1658,1.72795,-8.314583333513553,118.22458333332612,
1659,3.3425,-8.313333333007336,115.62333333485036,
1660,0.233117,-8.31250000071094,112.02874999999312,
1661,0.228228,-8.31041666684672,159.46124999999108,
1662,0.189079,-8.309583333513388,157.32374999999092,
1663,172.717,-8.308333334043823,113.3087499999932,
1664,0.106671,-8.307083333513276,117.77458333332606,
1665,0.479347,-8.30625000018,116.66791666665928,
1666,0.128246,-8.302916666846556,118.78458333332604,
1667,0.478747,-8.302083333513224,111.7079166666598,
1668,2.67783,-8.300833334043148,114.51124999999274,
1669,0.593525,-8.30041667024608,120.24166666665928,
1670,0.297305,-8.300416666846502,120.5612499999927,
1671,0.28957,-8.29875000017978,116.66374999999266,
1672,0.702452,-8.297916666846504,114.3637499999927,
1673,0.241222,-8.297916666846504,125.5537499999923,
1674,4.12366,-8.297083333513058,115.61291666665954,
1675,3.07896,-8.297083333513058,120.58791666665934,
1676,0.756413,-8.296250000179782,125.12958333332564,
1677,0.113547,-8.296666667376087,159.432916666658,
1678,2.96273,-8.295416666846336,118.92958333332626,
1679,2.33119,-8.29458333351306,123.30541666665933,
1680,2.19516,-8.293750000179614,120.4879166666592,
1681,34.7415,-8.293750000179614,120.49541666665914,
1682,0.310512,-8.293750000179784,157.23041666665767,
1683,9.26604,-8.29041666684634,113.1070833333264,
1684,0.256845,-8.288750000179618,157.77958333332435,
1685,0.229423,-8.287916666846286,120.3829166666593,
1686,2.57027,-8.287083333512726,111.93541666665952,
1687,0.458823,-8.287083333512726,115.604583333326,
1688,0.859206,-8.287083333512726,116.21874999999297,
1689,0.416658,-8.287499999671468,118.8975000015156,
1690,2.3998,-8.286666667375016,111.72874999999294,
1691,0.323728,-8.28625000017945,113.09041666665972,
1692,0.324969,-8.28666666737513,116.6437499999929,
1693,0.646424,-8.286250000179564,120.339583333326,
1694,42.5924,-8.285416666846174,113.24958333332654,
1695,0.727056,-8.284583333512842,113.1487499999928,
1696,0.11483,-8.284583333512842,120.30041666665944,
1697,0.882389,-8.283750000179452,113.15291666665962,
1698,0.117159,-8.283750000179452,120.44958333332602,
1699,0.674992,-8.28291666684612,111.97874999999289,
1700,0.19752,-8.28291666684612,118.83958333332612,
1701,2.68554,-8.282083333512844,113.16041666665956,
1702,10.7033,-8.282083333512844,113.22374999999306,
1703,5.19222,-8.282083333512844,114.3654166666596,
1704,21.0237,-8.281250000179398,113.17041666665956,
1705,1.30133,-8.281250000179398,113.1962499999928,
1706,1.02714,-8.281250000179398,116.62208333332616,
1707,0.183328,-8.28166666737468,120.40541666665932,
1708,0.726249,-8.281250000179398,146.23958333332496,
1709,2.85578,-8.280416666846122,111.97291666665971,
1710,0.259847,-8.279583333512733,157.35958333332428,
1711,1.55016,-8.278750003580456,111.94166666665956,
1712,12.7623,-8.278750003580456,114.48833333332618,
1713,0.830655,-8.278750000179286,159.7620833333242,
1714,8.83141,-8.275416666846013,111.4545833333264,
1715,2.69359,-8.275416670247296,115.5924999999928,
1716,0.264382,-8.275416666846013,123.82374999999227,
1717,0.178214,-8.272916666845845,157.33291666665775,
1718,0.34064,-8.270833334040276,118.19458333332614,
1719,0.748116,-8.267083333512346,148.19208333332472,
1720,0.539751,-8.266250000178957,116.23791666665976,
1721,0.330001,-8.266666667373158,157.4254166666576,
1722,0.284315,-8.265416666845681,118.18291666665948,
1723,0.178661,-8.265000000706323,118.5329166666595,
1724,0.188199,-8.264583333512235,118.56291666665948,
1725,1.12246,-8.262916670247876,111.37499999999297,
1726,0.132485,-8.262916666845683,111.83624999999311,
1727,0.159515,-8.262916666845626,114.37208333332626,
1728,0.127777,-8.262083333512237,111.3429166666598,
1729,21.1206,-8.262083333512237,111.43874999999308,
1730,0.112066,-8.262083333512237,116.2454166666596,
1731,0.201133,-8.26125000017879,111.36458333332644,
1732,0.155513,-8.25958333351224,157.47041666665757,
1733,9.54875,-8.258750000178793,111.31374999999304,
1734,0.272113,-8.259166667372426,116.54374999999288,
1735,0.731523,-8.258750000178793,123.11458333332575,
1736,0.216362,-8.257916666845517,128.01291666665895,
1737,9.12654,-8.257083333512185,114.37708333332624,
1738,1.76523,-8.256250000178795,115.5812499999929,
1739,0.38947,-8.255416666845463,116.50624999999307,
1740,2.7878,-8.255416666845463,116.51624999999284,
1741,0.180998,-8.255416666845463,122.99041666665914,
1742,2.4704,-8.254583333512073,114.47458333332612,
1743,0.263467,-8.25500000070548,123.66291666665929,
1744,0.1892,-8.255416668229827,130.88291666665896,
1745,0.220489,-8.252083333512076,116.2604166666598,
1746,0.261823,-8.252083333512076,157.48958333332428,
1747,0.283595,-8.251250003581674,159.73416666665753,
1748,0.159348,-8.249583333512021,111.0145833333262,
1749,5.38248,-8.249583333512021,111.27374999999311,
1750,0.258356,-8.247916666845299,124.5170833333259,
1751,2.12987,-8.24708333351191,143.3345833333251,
1752,2.04069,-8.245833334037854,116.4937499999928,
1753,0.681717,-8.241250000178468,123.2137499999925,
1754,2.42161,-8.240833334037347,115.5662499999928,
1755,2.70958,-8.239583333511746,110.97874999999313,
1756,0.989228,-8.23999999966668,116.29166666513868,
1757,2.02296,-8.23750000070379,116.29624999999282,
1758,0.42169,-8.23541666684497,116.47374999999296,
1759,0.142783,-8.233333334036729,157.62124999999105,
1760,3.68611,-8.23041666684486,115.55624999999304,
1761,5.52829,-8.229583333511528,110.95958333332652,
1762,1.50487,-8.227916666844806,116.44874999999264,
1763,114.855,-8.227083333511416,111.1029166666596,
1764,2.30804,-8.227083333511416,114.39041666665936,
1765,0.217122,-8.223750003583007,124.54583333332596,
1766,0.105012,-8.22291666684464,118.15874999999257,
1767,4.09732,-8.22208333351125,116.42958333332616,
1768,27.4489,-8.220833334035547,111.09624999999288,
1769,0.319161,-8.220416666844642,116.3254166666593,
1770,0.537065,-8.220416666844642,157.18374999999094,
1771,5.73842,-8.21875000017792,111.0845833333264,
1772,0.319578,-8.21875000017792,127.93708333332596,
1773,36.8512,-8.217916666844644,114.38624999999274,
1774,3.91125,-8.217083333511198,116.40958333332628,
1775,0.785581,-8.216250000177922,116.38624999999286,
1776,0.614074,-8.216250000177922,128.1495833333255,
1777,12.4266,-8.21375000358347,110.91499999999292,
1778,1.79366,-8.213333334034814,116.354583333326,
1779,4.65834,-8.212083333511032,110.91291666665956,
1780,0.428945,-8.21041666684431,128.1687499999921,
1781,4.15644,-8.209583333511034,115.51708333332613,
1782,0.106367,-8.208750000177702,122.9729166666591,
1783,0.290452,-8.20708333351098,157.21541666665755,
1784,0.146985,-8.20625000017759,117.48041666665928,
1785,0.507261,-8.20625000017759,159.66708333332463,
1786,0.171413,-8.205416666844144,110.85708333332629,
1787,3.76886,-8.205416666844144,110.86374999999282,
1788,8.32622,-8.204878478943215,115.5084552763184,
1789,0.132733,-8.20499999966313,159.2749999984719,
1790,0.30765,-8.202916666844146,110.8304166666598,
1791,3.73582,-8.202916666844146,114.38208333332624,
1792,2.87872,-8.202083333510814,115.50541666665958,
1793,0.100047,-8.200416666843978,118.14791666665953,
1794,0.200274,-8.200416666843978,157.27124999999114,
1795,1.70042,-8.198750000177427,110.71291666665962,
1796,0.267694,-8.196250003584225,159.23666666665758,
1797,0.106364,-8.195416666843983,110.76374999999308,
1798,2.41795,-8.195416666843983,110.77291666665984,
1799,1.9747,-8.19458333351065,114.87958333332642,
1800,0.450485,-8.193750000177374,122.8212499999928,
1801,7.21759,-8.192916666843985,110.79708333332644,
1802,0.952493,-8.192916666843985,114.83541666665953,
1803,0.164617,-8.192916670251122,159.65249999999082,
1804,1.00115,-8.192083333510539,114.82708333332609,
1805,0.333101,-8.190833332995112,110.73499999847456,
1806,2.62983,-8.18958333351054,115.49208333332638,
1807,3.84784,-8.188750000177208,114.89208333332613,
1808,0.204409,-8.186250000177097,114.38541666665992,
1809,0.405952,-8.186250000177097,114.80958333332626,
1810,1.22668,-8.185416670251414,115.48666666665952,
1811,4.63105,-8.182916666843767,110.68291666665988,
1812,0.312934,-8.182916666843767,114.95124999999302,
1813,1.51329,-8.182916666843767,114.96458333332625,
1814,20.6423,-8.18208333351032,114.92541666665966,
1815,0.204582,-8.180416666843655,110.6770833333262,
1816,1.15961,-8.180416666843655,114.9820833333265,
1817,0.43426,-8.179583333510209,114.3887499999928,
1818,0.799953,-8.179583333510209,114.79541666665943,
1819,1.79533,-8.179583333510209,115.47208333332604,
1820,0.104728,-8.177083333510211,114.99708333332626,
1821,1.40474,-8.176250000176879,110.66374999999312,
1822,0.27918,-8.174583333510213,157.09458333332452,
1823,0.294869,-8.173750000176767,114.77624999999284,
1824,0.455395,-8.172916666843491,114.76874999999312,
1825,0.251843,-8.172083333510216,114.4554166666594,
1826,0.192981,-8.171250003585328,115.0066666666595,
1827,0.115114,-8.170416666843494,115.46041666665984,
1828,1.10632,-8.169583333510047,114.75541666665958,
1829,0.495247,-8.167083336918893,115.45666666665954,
1830,3.40582,-8.166250003585617,114.46583333332636,
1831,0.140769,-8.166250000176603,124.87624999999264,
1832,0.887572,-8.164583336919065,110.6408333333262,
1833,0.137876,-8.164583333509995,115.0195833333263,
1834,0.220353,-8.164583336919065,115.45499999999288,
1835,0.231801,-8.163750000176606,115.0229166666594,
1836,0.110156,-8.16291666684333,114.46541666665972,
1837,0.1461,-8.16291666684333,124.92291666665938,
1838,0.25091,-8.157916666843107,118.14541666665946,
1839,1.15334,-8.157083333509831,114.72124999999278,
1840,1.06475,-8.153750003586197,115.42833333332636,
1841,0.41053,-8.153750000176387,117.734583333326,
1842,2.13071,-8.152916666842998,114.528749999993,
1843,0.307012,-8.152916666842998,124.98791666665907,
1844,0.105556,-8.152916670252807,157.60583333332443,
1845,4.59338,-8.152083333509665,114.51874999999268,
1846,1.4596,-8.15125000017639,115.03458333332628,
1847,0.332413,-8.15125000017639,115.4170833333261,
1848,0.283093,-8.151250000176276,127.78708333332575,
1849,0.222238,-8.149583333509668,148.14124999999126,
1850,0.190354,-8.148750003586372,114.51833333332615,
1851,0.5916,-8.148750000176221,115.03958333332604,
1852,0.631475,-8.1470833335095,124.74958333332565,
1853,4.36426,-8.14625000017611,110.60791666665956,
1854,1.73733,-8.145833334028339,110.59874999999288,
1855,0.565221,-8.145416666842777,115.04541666665956,
1856,0.440989,-8.144583333509502,114.40041666665968,
1857,0.348235,-8.14500000069495,114.66458333332604,
1858,0.26907,-8.143750000176055,114.65708333332611,
1859,0.757067,-8.143750000176055,114.69291666665958,
1860,2.56093,-8.141250003586663,114.5408333333262,
1861,0.980323,-8.141250000175944,114.56374999999277,
1862,0.235209,-8.139583333509336,114.40041666665968,
1863,2.47869,-8.137916666842614,110.57791666665958,
1864,3.19473,-8.13833333402755,114.59541666665972,
1865,1.69373,-8.137083333509338,114.6404166666598,
1866,0.267169,-8.137083333509338,128.09041666665905,
1867,0.98613,-8.137083333509338,157.14124999999115,
1868,0.834909,-8.135416666842445,115.05541666665954,
1869,0.340921,-8.135416666842445,115.38708333332602,
1870,2.52934,-8.133750000175894,110.5470833333265,
1871,0.296846,-8.133750000175894,110.55541666665954,
1872,0.165829,-8.133750000175894,114.40208333332625,
1873,6.83129,-8.132916666842448,114.60874999999282,
1874,0.403581,-8.13166666632253,115.37166666817518,
1875,0.254052,-8.128750003587243,127.89916666665908,
1876,0.358492,-8.12291666684223,110.5145833333263,
1877,0.229928,-8.122083333508954,157.10791666665773,
1878,0.836459,-8.119583333508842,115.34541666665962,
1879,0.274007,-8.119583333508842,159.5470833333244,
1880,1.27157,-8.118750000175567,110.50374999999316,
1881,0.80087,-8.118750000175567,115.34374999999272,
1882,0.260075,-8.118750000175567,157.09624999999107,
1883,0.785961,-8.11791666684212,115.07208333332642,
1884,0.190909,-8.117083333508788,157.0704166666576,
1885,24.7144,-8.114583333508676,115.07541666665952,
1886,0.148586,-8.1137500001754,156.6054166666579,
1887,0.100043,-8.1137500001754,159.10874999999123,
1888,0.34443,-8.113333334025299,115.32291666665958,
1975,0.100698,-7.928750000171021,160.63958333332437,
2225,6.96364,-7.487083333493786,107.24541666666,
2226,66.1031,-7.479583336941289,107.21666666665992,
2227,254.587,-7.476250000160178,112.81458333332624,
2228,11.0802,-7.475416666826845,107.19291666665988,
2229,0.210266,-7.468750000160014,157.7387499999909,
2230,0.278188,-7.459583333493242,147.17874999999174,
2231,85.3069,-7.45791666682635,107.12958333332654,
2232,21.6057,-7.457083333493074,107.1212499999931,
2233,57.8686,-7.455416666826352,107.10791666665988,
2234,11.8792,-7.444583333492744,106.99791666665976,
2235,7.70262,-7.4437500001594685,106.9820833333266,
2236,8.28444,-7.442083333492746,144.75041666665834,
2237,0.541063,-7.442083333492746,144.7529166666585,
2238,9.92825,-7.435416666825972,106.80208333332632,
2239,10.832,-7.435416666825972,106.90374999999337,
2240,100.681,-7.43500000062744,106.89458333332658,
2241,0.663446,-7.4329166668259745,106.88291666666004,
2242,5.99778,-7.432083333492415,106.86291666665971,
2243,0.199015,-7.431250000159139,143.64874999999176,
2244,1.89539,-7.430416666825863,106.74791666666,
2245,1.57079,-7.430416666825863,144.51874999999188,
2246,11.8492,-7.42958333349253,143.64874999999176,
2247,5.96302,-7.428750000159141,106.72541666665995,
2248,145.89,-7.428750000159141,106.79374999999304,
2249,1.06313,-7.427916666825808,144.5504166666583,
2250,10.8461,-7.4262500001590865,106.70541666665986,
2251,277.788,-7.420416666825531,106.68041666665988,
2252,0.238232,-7.416250003609207,106.56583333332652,
2253,3.08272,-7.41333333395869,106.58208333332648,
2254,7.91354,-7.410833333958465,106.54291666665996,
2255,9.99086,-7.409583333491923,106.53541666665969,
2256,0.200003,-7.398750000158316,157.76291666665782,
2257,0.135216,-7.394583336943072,121.10166666665918,
2258,0.664569,-7.380000000622147,121.1329166666593,
2259,2.87846,-7.377083333491214,138.59624999999187,
2260,141.211,-7.375416666824492,106.48791666665988,
2261,0.141374,-7.36625000015772,106.45374999999314,
2262,5.88626,-7.360416666824165,106.44458333332652,
2263,1.08056,-7.360416666824165,121.08291666665924,
2264,4.4154,-7.359583333490832,106.42291666665987,
2265,0.224434,-7.356250000157445,157.25458333332426,
2266,1.84471,-7.352916666823944,147.14458333332482,
2267,0.270293,-7.348750000157224,157.2204166666578,
2268,1.77646,-7.347916666823835,106.4029166666599,
2269,0.11002,-7.3379166668236735,157.1612499999909,
2270,0.220618,-7.334583333490173,106.3987499999933,
2271,89.6628,-7.333750000156897,112.83041666665974,
2272,11.0078,-7.318750000156456,106.3870833333266,
2273,22.6699,-7.316250000156401,112.8412499999929,
2274,0.118505,-7.315416666823125,157.46541666665755,
2275,0.169675,-7.303750000156072,157.09458333332452,
2276,3.60122,-7.296250000156078,106.37874999999316,
2277,0.143903,-7.291250000155742,106.37791666665998,
2278,0.345096,-7.276250003611778,106.37749999999328,
2279,0.769611,-7.275416666822139,157.03374999999096,
2280,0.120756,-7.274583333488806,147.12958333332483,
2281,0.482027,-7.274583333488806,157.03541666665762,
2282,1.48434,-7.262916666821809,106.38541666666003,
2283,0.430838,-7.248750000154871,147.13791666665804,
2284,0.134452,-7.242916666821429,157.0029166666576,
2285,0.47167,-7.238750000154539,106.38041666665988,
2286,0.197818,-7.237083333487988,156.98541666665756,
2287,0.151244,-7.236250000154541,113.53708333332622,
2288,16.6262,-7.235416670279108,112.79499999999302,
2289,49.0996,-7.232083333487822,113.5062499999932,
2290,40.2929,-7.224583333487487,112.68208333332608,
2291,34.8213,-7.222916666820936,112.70958333332636,
2292,49.6726,-7.22208333348749,113.24458333332656,
2293,0.950106,-7.22208333348749,113.45291666665968,
2294,0.685299,-7.220416666820768,113.21708333332616,
2295,2.60294,-7.220416666820881,147.13374999999144,
2296,0.250279,-7.217083333487324,113.38708333332625,
2297,0.33256,-7.217083333487324,113.41374999999276,
2298,6.04991,-7.212916666820604,113.32791666665958,
2299,0.687279,-7.211250000153882,106.39708333332658,
2300,0.354478,-7.210416666820606,113.02958333332651,
2301,0.210335,-7.20541666682044,113.0079166666594,
2302,102.582,-7.20416666624061,112.65083333478935,
2303,0.189092,-7.203750000153718,139.1654166666583,
2304,1.87129,-7.2012500001537205,112.986249999993,
2305,970.727,-7.1962500001535545,112.7354166666596,
2306,17.3365,-7.195416666820222,113.11958333332608,
2307,0.17982,-7.193750000153557,147.11458333332462,
2308,0.208452,-7.191250000153559,112.94458333332614,
2309,3.3351,-7.190416666820113,106.44374999999336,
2310,0.380345,-7.187916666820058,112.9329166666596,
2311,110.939,-7.185416666819947,106.45874999999312,
2312,9.55663,-7.182916666819949,113.56708333332642,
2313,1.32243,-7.180416666819895,112.90708333332634,
2314,9.97978,-7.172083333486341,106.46624999999324,
2315,2.14861,-7.170000000602272,112.88124999999286,
2316,1.97173,-7.167916666819565,113.1545833333264,
2317,0.364315,-7.163750000152845,112.86791666665977,
2318,4.44924,-7.162916666819569,112.86541666665948,
2319,0.969174,-7.161250000152847,113.57374999999308,
2320,2.135,-7.157916666819233,112.7979166666596,
2321,7.53096,-7.154583333485789,113.15541666665968,
2322,0.887383,-7.147500000600132,147.05624999999156,
2323,17.8296,-7.145105537943266,113.1420474329592,
2324,0.2997,-7.142916666819019,113.58708333332628,
2325,0.190753,-7.138750003613779,106.45583333332638,
2326,2.38812,-7.135416670280506,112.69749999999294,
2327,13.3145,-7.132500000598725,112.62791666665976,
2328,1.19406,-7.132500000598725,113.59708333332628,
2329,0.116855,-7.128750000151968,120.72874999999271,
2330,0.549198,-7.127083333485302,106.46708333332656,
2331,2.47645,-7.127083333485302,113.6487499999929,
2332,0.274824,-7.124583333485305,139.43624999999167,
2333,0.125234,-7.12208333348525,157.13624999999092,
2334,3.14427,-7.115416666818419,113.66624999999294,
2335,2.63751,-7.11375000015164,112.70458333332613,
2336,0.766753,-7.110416670280756,113.69249999999296,
2337,0.108715,-7.1041666662329135,157.13000000144757,
2338,8.74043,-7.102083336947601,112.62583333332624,
2339,0.465475,-7.100416670280879,106.49499999999313,
2340,5.32751,-7.078750000150819,106.52374999999336,
2341,284.924,-7.0745833334841,112.63124999999286,
2342,1.06308,-7.07125000361458,157.12333333332435,
2343,1.37902,-7.067916666817155,114.34791666665956,
2344,41.0348,-7.065416666817214,113.88791666665976,
2345,3.12614,-7.057916666424035,106.54124999757948,
2346,0.175787,-7.0537500001502735,106.54541666665985,
2347,0.160917,-7.051666667257734,120.62708333332624,
2348,1.89635,-7.04958333348344,157.1137499999909,
2349,0.188237,-7.041250000149944,147.02791666665814,
2350,0.460344,-7.039583336948283,106.54666666665968,
2351,0.530578,-7.038750000149832,112.70791666665956,
2352,0.118673,-7.037083333483224,147.0212499999916,
2353,323.224,-7.028750000149671,106.54791666665994,
2354,16.0333,-7.02125000014945,113.90874999999323,
2355,0.253467,-7.018750000149339,146.98958333332496,
2356,3.09009,-7.017916666816007,113.92541666665966,
2357,39.9823,-7.015416666816009,112.74874999999304,
2358,3.15597,-7.013750000149173,113.96791666665968,
2359,0.938324,-7.002916666815679,112.76791666665952,
2360,0.574805,-6.997916666815513,157.10791666665773,
2361,5.34513,-6.997083333482237,106.54291666665996,
2362,0.28167,-6.9958333339191086,112.77708333332612,
2363,4.63014,-6.990416666815349,106.54291666665996,
2364,0.891288,-6.988750000148741,106.38124999999307,
2365,0.194598,-6.987916666815295,112.78624999999283,
2366,1.50354,-6.985416666815183,106.33708333332652,
2367,2.21078,-6.985416666815183,106.54291666665996,
2368,0.611611,-6.985416666815183,112.78708333332612,
2369,0.239928,-6.984583333481908,115.32874999999308,
2370,0.362018,-6.984583333481908,156.7187499999909,
2371,11.7766,-6.983333333917869,106.30708333332645,
2372,0.192808,-6.980416666815188,146.96291666665795,
2373,8.9964,-6.977500000583916,106.39708333332658,
2374,1.2928,-6.976250003615405,106.29833333332648,
2375,1.11743,-6.972916670282132,106.52666666665992,
2376,1.17732,-6.971250000148302,146.9479166666581,
2377,5.58153,-6.967083333481526,106.2645833333264,
2378,0.173852,-6.964583336948863,106.26249999999322,
2379,2.82547,-6.963750000148082,112.80458333332616,
2380,0.980121,-6.962916666814692,106.50124999999332,
2381,0.917227,-6.961666667249176,106.41791666665988,
2382,0.382003,-6.961250000148084,106.48458333332644,
2383,0.391543,-6.960416666814524,106.48624999999316,
2384,0.548088,-6.95791666681464,106.42791666665966,
2385,0.159254,-6.9554166668145285,106.4629166666598,
2386,5.88592,-6.95375000014792,110.40791666665962,
2387,1.12892,-6.9520833334810845,106.44624999999326,
2388,352.008,-6.9520833334810845,110.40124999999313,
2389,177.588,-6.9520833334810845,110.43958333332648,
2390,78.8529,-6.947916666814365,110.33874999999318,
2391,92.3037,-6.948333333914604,110.47708333332628,
2392,5.06754,-6.946250000147643,110.48208333332629,
2393,7.14681,-6.945416670282384,139.2183333333253,
2394,0.363128,-6.939583333480755,146.94874999999138,
2395,19.5918,-6.938750000147422,106.24708333332636,
2396,24.3438,-6.9362500001474245,110.3104166666596,
2397,3.30056,-6.934583333480703,112.59458333332611,
2398,0.790087,-6.931250000147259,106.23958333332666,
2399,0.599583,-6.930416666813983,157.05374999999128,
2400,3.1871,-6.926250000147206,114.08374999999296,
2401,0.762242,-6.924583333480541,106.22708333332662,
2402,13.5455,-6.924166667245686,112.82791666665946,
2403,0.36114,-6.923750000147095,157.046249999991,
2404,0.757296,-6.922500000578907,109.96874999999297,
2405,1.05651,-6.921250000147097,115.33541666665964,
2406,2.38522,-6.919583333480375,110.00958333332642,
2407,1.60718,-6.918750000146929,109.95041666665976,
2408,1.07456,-6.917083333480377,109.88874999999314,
2409,0.223051,-6.910416666813489,115.44958333332602,
2410,0.18514,-6.910416666813489,134.17124999999191,
2411,4.98521,-6.90999999955136,106.19416666810304,
2412,0.292531,-6.908750000146881,106.17624999999316,
2413,3.80842,-6.908750000146881,106.18874999999308,
2414,33.4048,-6.908750000146881,109.85124999999294,
2415,8.30384,-6.907083333480159,110.24958333332636,
2416,20.3854,-6.90625000014677,109.8387499999929,
2417,74.0362,-6.90625000014677,110.0404166666599,
2418,1.00034,-6.905000000577218,112.50041666665982,
2419,5.86305,-6.902083333479993,112.13458333332665,
2420,1.3037,-6.901250000146604,106.15124999999324,
2421,0.200275,-6.901250000146717,139.03458333332537,
2422,1.03329,-6.900416666813271,109.80958333332632,
2423,2.46936,-6.900833333910157,114.02708333332636,
2424,0.531071,-6.899583333479882,115.37458333332596,
2425,11.2135,-6.89916666621707,110.49499999855044,
2426,6.74463,-6.897083333479884,113.19958333332649,
2427,2.92217,-6.897083333479884,113.50791666665988,
2428,1.50949,-6.897500000576372,114.01958333332652,
2429,0.907475,-6.896250000146438,112.10958333332631,
2430,15.5648,-6.896250000146438,113.4845833333261,
2431,11.2185,-6.894583333479829,110.49874999999317,
2432,0.99169,-6.8937500036161055,106.13666666665996,
2433,0.112773,-6.89375000014644,113.16124999999327,
2434,23.4649,-6.892916666812994,110.09791666665969,
2435,2.50969,-6.894583334307527,112.17541666238276,
2436,3.30898,-6.892916666812994,112.46874999999297,
2437,0.83815,-6.892916666812994,113.13374999999292,
2438,0.282094,-6.892083333479718,112.98458333332644,
2439,4.35986,-6.892499999550012,113.31166666521756,
2440,8.75414,-6.892083333479718,113.5729166666597,
2441,11.232,-6.892119140580462,110.50010561048724,
2442,0.550367,-6.8912500001463854,113.27958333332629,
2443,2.37319,-6.890416666812996,109.79124999999313,
2444,6.92839,-6.890416666812996,112.0595833333266,
2445,0.378292,-6.890833333909143,113.23458333332631,
2446,0.951101,-6.890416666812996,113.45291666665968,
2447,0.413299,-6.890416666812996,146.95124999999143,
2448,4.49168,-6.889583333479664,109.78458333332657,
2449,0.343477,-6.889583333479664,113.3504166666596,
2450,0.298565,-6.888750000146274,113.09291666665943,
2451,0.56995,-6.888750000146274,113.38041666665958,
2452,0.91335,-6.888750000146274,113.60624999999276,
2453,0.130496,-6.8879166668129415,106.12458333332644,
2454,1.26058,-6.888333332883008,112.95666666810143,
2455,0.343178,-6.8879166668129415,113.39708333332646,
2456,0.809446,-6.8879166668129415,113.42708333332632,
2457,0.349845,-6.887083333479552,113.71958333332611,
2458,0.169374,-6.887083333479552,156.97624999999118,
2459,2.66123,-6.886250000146276,113.65708333332655,
2460,6.03156,-6.886250000146276,113.73708333332638,
2461,11.4614,-6.884583336949504,112.04999999999312,
2462,4.13473,-6.884583336949504,113.05749999999296,
2463,0.12006,-6.884583333479554,113.7679166666594,
2464,2.52393,-6.8841666672418,109.7604166666598,
2465,1.00518,-6.883750000146222,113.80541666665964,
2466,0.167336,-6.883750000146222,115.24124999999287,
2467,29.4289,-6.883333332882614,110.1283333318849,
2468,0.411397,-6.882916666812832,134.26791666665872,
2469,0.747187,-6.8820833334795,113.01708333332658,
2470,0.123484,-6.8820833334795,156.9745833333243,
2471,42.5325,-6.881666667241632,109.75458333332648,
2472,1.83268,-6.881250003616174,113.0316666666597,
2473,58.2685,-6.880416666812778,110.226249999993,
2474,1.36352,-6.877916666812666,112.2545833333262,
2475,3.38067,-6.877083333479391,106.1020833333264,
2476,1.89522,-6.877083333479391,112.24624999999288,
2477,1.90756,-6.876250000146058,112.38374999999304,
2478,0.176898,-6.875833332882053,110.1416666652189,
2479,24.9432,-6.874583333479222,109.73041666665972,
2480,1.92732,-6.875000000574289,112.37874999999303,
2481,10.2485,-6.873750000145947,109.29124999999306,
2482,0.201976,-6.873750000145947,112.4395833333266,
2483,28.3071,-6.872916666812614,109.26958333332652,
2484,1.1827,-6.872916666812614,112.29624999999282,
2485,70.9462,-6.872083333479225,110.51291666665976,
2486,2.17378,-6.86958333347917,112.3454166666595,
2487,33.2,-6.867916666812448,109.24208333332632,
2488,0.113929,-6.867083333479059,106.08958333332646,
2489,1.09341,-6.867083333479059,109.32791666665986,
2490,0.462197,-6.86541666681245,113.89458333332608,
2491,177.081,-6.864583333479004,110.51708333332618,
2492,0.516661,-6.864583333479004,134.32291666665878,
2493,0.101805,-6.863750000145728,105.52041666665974,
2494,1.29005,-6.862916666812282,109.22291666665971,
2495,60.1774,-6.862916666812282,109.3404166666599,
2496,6.10792,-6.862500000573164,109.20124999999324,
2497,0.121358,-6.862083333479006,156.95708333332436,
2498,15.9785,-6.860416666812398,112.02708333332646,
2499,7.66237,-6.859583333478838,155.59624999999096,
2500,164.98,-6.858750003616308,109.6833333333264,
2501,0.825323,-6.85833333390616,106.0862499999934,
2502,2.71786,-6.857916666812287,109.39291666665969,
2503,72.8711,-6.85708333347884,110.17041666665956,
2504,2.85581,-6.856250000145565,155.67041666665796,
2505,0.460229,-6.856250000145565,155.71958333332452,
2506,44.6273,-6.854583333478672,109.17791666665966,
2507,0.543272,-6.852916666812121,105.58124999999312,
2508,0.155293,-6.852916670283037,106.07916666666,
2509,1.23764,-6.852083333478845,105.58958333332656,
2510,72.5252,-6.850416666812123,109.41624999999294,
2511,60.7078,-6.848750000145401,109.65374999999318,
2512,122.211,-6.847916666812068,109.1437499999929,
2513,5.71281,-6.847916670283041,155.56749999999113,
2514,21.5361,-6.847083333478679,105.76874999999312,
2515,59.346,-6.845416666811957,109.63124999999296,
2516,0.135289,-6.845416666811957,112.5529166666596,
2517,0.583366,-6.845416666811957,115.2487499999927,
2518,0.124625,-6.844583333478681,155.55541666665772,
2519,0.71869,-6.842083333478627,105.62624999999304,
2520,2.90035,-6.842083333478627,105.64874999999309,
2521,0.351938,-6.842083333478627,105.65541666665996,
2522,0.282088,-6.841250000145237,105.63374999999331,
2523,100.159,-6.84125000014518,109.59874999999312,
2524,1.08706,-6.838750000145183,105.7345833333266,
2525,249.868,-6.837916666811793,105.8820833333267,
2526,0.670531,-6.8370833334785175,105.81791666666004,
2527,12.0198,-6.8370833334785175,105.82124999999331,
2528,73.5847,-6.837500000570742,109.09874999999325,
2529,30.7688,-6.836250000145071,105.67374999999322,
2530,0.678812,-6.836250000145071,109.44791666665992,
2531,6.3811,-6.834583333478349,155.5179166666577,
2532,1.53148,-6.833750000144903,106.0637499999932,
2533,0.957224,-6.833750000144903,115.32458333332612,
2535,1.03077,-6.832500000570292,115.3120833333262,
2536,0.17252,-6.831250000144905,155.74124999999117,
2537,0.108286,-6.8304166668116295,156.8662499999914,
2538,0.106335,-6.829583333478183,106.05458333332638,
2539,127.71,-6.8270833334781855,108.94124999999316,
2540,2.68685,-6.8270833334781855,109.5595833333262,
2541,0.613383,-6.8237500001447415,109.55541666665977,
2542,11.752,-6.820416666811411,106.03124999999336,
2543,0.150269,-6.818750000144576,146.9479166666581,
2544,1.13735,-6.8179166668113,106.0162499999932,
2545,0.202387,-6.813750000144523,108.74374999999316,
2546,14.9797,-6.813750000144523,108.74541666665988,
2547,3.43403,-6.813333333901824,108.7420833333266,
2548,0.478901,-6.812916666811134,155.75958333332437,
2549,40.5562,-6.811250000144412,108.88874999999295,
2550,55.9925,-6.809583333477804,108.71124999999311,
2551,0.130238,-6.808750000144414,105.3612499999931,
2552,13.3326,-6.8079166668110815,155.7670833333243,
2553,0.194967,-6.806250000144416,109.0712499999932,
2554,228.62,-6.804583333477694,109.493749999993,
2555,4.20639,-6.802916666810916,155.45958333332442,
2556,1.66994,-6.80208333347764,105.49208333332672,
2557,22.865,-6.800416666810804,111.82874999999308,
2558,2.69621,-6.799583333477528,111.85958333332616,
2559,13.7117,-6.797083333477474,108.68208333332636,
2560,0.737312,-6.796250000144198,111.87624999999304,
2561,0.490823,-6.795416666810752,105.4979166666597,
2562,284.913,-6.794583333477476,109.01124999999296,
2563,3.54073,-6.79375000014403,111.80958333332649,
2564,71.9482,-6.79291666681064,110.56208333332626,
2565,2.14291,-6.79291666681064,111.88874999999292,
2566,0.298282,-6.792083333477308,105.50041666665982,
2567,0.591638,-6.791250000144032,111.9854166666596,
2568,7.91058,-6.790416666810586,155.79374999999118,
2569,0.463927,-6.787083333477142,111.79624999999304,
2570,2.21671,-6.782916666810536,155.43291666665775,
2571,0.423191,-6.780416666810424,111.92124999999312,
2572,0.768107,-6.778750000143702,155.93291666665766,
2573,5.20909,-6.776250000143705,111.77124999999312,
2574,371.548,-6.775727754423087,108.80628585992412,
2575,222.531,-6.774583333476983,110.5729166666598,
2576,0.106602,-6.774583333476983,111.92958333332638,
2577,0.303029,-6.77375000014365,105.5045833333266,
2578,5.30527,-6.771250000143539,111.73791666665954,
2579,114.625,-6.7699999995408575,108.63583333189293,
2580,0.135315,-6.767916666810208,108.83124999999302,
2581,0.155745,-6.766250000143373,155.81458333332444,
2582,3.9646,-6.765416666810097,155.40791666665802,
2583,3.97491,-6.761250003616681,111.70249999999317,
2584,0.310381,-6.759583333476599,108.6629166666596,
2585,1.94524,-6.757083333476487,155.85624999999095,
2586,0.185261,-6.756250000143211,105.51208333332649,
2587,16.3987,-6.756250003616628,108.59666666665976,
2588,0.104585,-6.752916666809767,105.40874999999328,
2589,0.11803,-6.750833332872844,134.06166666522677,
2590,0.31916,-6.747083333476155,155.3787499999911,
2591,0.134271,-6.746250000142879,105.51208333332649,
2592,0.260033,-6.745416666809604,147.34708333332492,
2593,1.16879,-6.744583333476271,147.53458333332492,
2594,0.592989,-6.742916666809549,111.67791666665973,
2595,0.36925,-6.74208333347616,147.3120833333246,
2596,0.317436,-6.741250000142827,147.50458333332517,
2597,49.0202,-6.740416666809438,108.58708333332623,
2598,0.147715,-6.739583333476162,147.29124999999135,
2599,306.243,-6.738750000142716,147.01791666665804,
2600,0.142105,-6.737083333476107,134.06791666665868,
2601,138.716,-6.737083333476107,146.97958333332463,
2602,1.5766,-6.737083333476107,147.2037499999915,
2603,159.441,-6.73625000361676,108.58583333332638,
2604,1.39201,-6.736250000142718,147.3620833333249,
2605,0.679355,-6.735416666809385,147.23124999999163,
2606,251.042,-6.734583333475996,110.57458333332636,
2607,0.64562,-6.733750000142663,147.2504166666581,
2608,2.80252,-6.733333333894223,111.66624999999284,
2609,13.3709,-6.731250000142552,111.66374999999312,
2610,0.152059,-6.731250000142552,147.4662499999913,
2611,7.26757,-6.731250000142552,155.34791666665774,
2612,0.813148,-6.727083333475832,147.4579166666582,
2613,1.04917,-6.726250003616769,105.51333333332656,
2614,0.208468,-6.724583333475778,110.59041666665983,
2615,0.689672,-6.722916666809056,105.52291666666002,
2616,3.39872,-6.722916666809056,147.17958333332467,
2617,0.28884,-6.721250000142334,147.39791666665815,
2618,0.120552,-6.717083333475614,147.06958333332477,
2619,0.516929,-6.714583333475616,147.57541666665816,
2620,7.88594,-6.711250000142172,147.59958333332474,
2621,0.65008,-6.708750000142118,147.1262499999914,
2622,0.661274,-6.707916666808728,147.13374999999166,
2623,0.758218,-6.707083333475396,105.54041666666006,
2624,59.6113,-6.707083333475396,110.61208333332632,
2625,1.41149,-6.707083333475396,147.1362499999915,
2626,0.492879,-6.706250000142006,147.09874999999147,
2627,0.146892,-6.706250000142006,147.75124999999173,
2628,5.34112,-6.704583333475284,147.0929166666583,
2629,0.897545,-6.7037500001420085,147.15124999999148,
2630,77.3755,-6.702916666808562,108.56708333332648,
2631,2.24012,-6.702916666808562,111.36458333332644,
2632,1.00449,-6.702083333475287,111.36874999999289,
2633,17.722,-6.70125000014184,111.3329166666598,
2634,0.185112,-6.6987500001418425,147.66291666665825,
2635,4.33543,-6.697916666808396,111.62624999999308,
2636,0.100199,-6.697916666808396,156.65541666665763,
2637,0.992924,-6.696250000141788,105.55541666665982,
2638,0.185853,-6.695416666808399,147.7745833333247,
2639,0.991819,-6.6937500001416765,111.39124999999292,
2640,5.994,-6.689583333474957,111.25624999999307,
2641,16.4053,-6.688750000141624,111.2370833333265,
2642,0.242539,-6.686250000141513,105.56124999999338,
2643,28.7116,-6.679583333474625,111.42791666665975,
2644,0.167499,-6.677083333474627,155.30458333332444,
2645,232.144,-6.670416666807853,111.19958333332649,
2646,2.12523,-6.670416666807853,147.82958333332476,
2647,0.621383,-6.669583333474463,111.59541666665962,
2648,1.5273,-6.667916666807741,111.45291666665968,
2649,148.728,-6.662083333474243,108.55708333332632,
2650,1.46856,-6.660416666807578,147.83874999999125,
2651,11.0966,-6.6608333338873535,155.28291666665768,
2652,0.293291,-6.657083333474247,155.94458333332432,
2653,0.388921,-6.657083333474247,156.60958333332474,
2654,0.39954,-6.656250000140801,105.58541666665997,
2655,1.91061,-6.655416666807525,138.77541666665866,
2656,0.569276,-6.652083333474081,110.6462499999929,
2657,1.6128,-6.64958333347397,105.59624999999312,
2658,2.65247,-6.64958333347397,110.64624999999307,
2659,0.124745,-6.649166667219674,156.57208333332437,
2660,0.657368,-6.644878245360474,156.54845510340397,
2661,0.103761,-6.64125000014036,111.46624999999312,
2662,4.0415,-6.635416666807032,147.85874999999157,
2663,5.2574,-6.634583333473586,110.64041666665952,
2664,0.623294,-6.630416666806866,111.50541666665949,
2665,6.1613,-6.6262500001400895,105.61374999999316,
2666,22.3137,-6.617916666806536,110.6479166666598,
2667,0.272687,-6.613750000139817,156.5229166666577,
2668,0.355418,-6.612083333473095,155.23458333332462,
2669,0.19111,-6.611250000139819,147.85791666665796,
2670,23.764,-6.610416670283598,110.65333333332626,
2671,0.525408,-6.609583333473097,155.9254166666576,
2672,28.7554,-6.600833333881724,111.10208333332628,
2673,0.827285,-6.597083333472767,105.62374999999317,
2674,31.4316,-6.592500000547602,110.65624999999308,
2675,5.63832,-6.591666666194783,111.0975000014135,
2676,0.687601,-6.5879166668058815,105.62624999999304,
2677,1.12467,-6.587083333472435,155.9195833333248,
2678,25.3561,-6.586666666194503,147.82416666523795,
2679,131.574,-6.585416666805884,108.54374999999328,
2680,0.131226,-6.5845833334724375,134.49708333332524,
2681,14.6909,-6.576250000138941,110.66124999999283,
2682,0.650032,-6.576250000138941,155.2054166666578,
2683,0.10493,-6.566250000138609,105.6170833333266,
2684,65.3949,-6.541666666191247,108.54416666807674,
2685,2.35896,-6.541250000138064,110.66624999999284,
2686,0.148034,-6.541666666191247,134.47666666524174,
2687,0.772758,-6.5350000005421975,110.6770833333262,
2688,0.452099,-6.53291666680451,105.71624999999318,
2689,0.608961,-6.531250000137902,105.72541666665978,
2690,9.12535,-6.529583333471237,110.68124999999316,
2691,0.486763,-6.527083334545864,147.83124999999131,
2692,0.120222,-6.525416666804347,105.70041666665986,
2693,56.4103,-6.525416670283619,111.06583333332628,
2694,0.148876,-6.522083333471016,105.68791666666,
2941,17.6518,-5.970416666791266,107.24458333332645,
2942,0.849629,-5.971249999598001,147.45375000222964,
2943,5.60623,-5.962916666791102,105.99874999999332,
2944,0.353151,-5.96125000012438,147.2079166666581,
2945,5.20511,-5.96125000012438,147.3995833333247,
2946,6.83844,-5.9591666661523846,147.17916666803012,
2947,0.380485,-5.956250000124214,147.1179166666583,
2948,0.71582,-5.9554166667909385,105.99958333332673,
2949,282.809,-5.955833333820692,106.2579166666597,
2950,2.34906,-5.9554166667909385,147.0770833333247,
2951,0.666021,-5.9554166667909385,147.16124999999147,
2952,8.28015,-5.952083333457608,147.22041666665814,
2953,0.10984,-5.951250000124219,148.8562499999913,
2954,3.12909,-5.9504166667907725,154.75124999999105,
2955,0.109313,-5.949583333457497,147.22791666665807,
2956,0.511944,-5.948750000124164,155.31874999999104,
2957,0.166149,-5.947083333457442,132.7504166666588,
2958,0.229543,-5.947083333457442,155.311249999991,
2959,0.199343,-5.94541666679072,151.14374999999131,
2960,0.633327,-5.940416666790554,147.07291666665822,
2961,3.48027,-5.939583333457279,148.8387499999916,
2962,0.550033,-5.938750000123889,134.59291666665854,
2963,1.00861,-5.937083333457167,147.31624999999144,
2964,0.536914,-5.936250000123891,147.0204166666581,
2965,6.82777,-5.935416666790445,106.00041666666004,
2966,0.209587,-5.9345833334571125,120.44708333332596,
2967,6.3215,-5.933750000123837,147.3562499999914,
2968,883.201,-5.932083333457115,107.0012499999932,
2969,0.196979,-5.931250000123725,147.29624999999146,
2970,3.19428,-5.92666666715138,106.10708333332671,
2971,3.93484,-5.925416666790284,147.06708333332472,
2972,0.137722,-5.925416666790284,147.28124999999136,
2973,6.46865,-5.916250000123398,147.27124999999137,
2974,0.416295,-5.915416666789952,120.44874999999274,
2975,0.236573,-5.907916666789788,155.28291666665768,
2976,0.529029,-5.907083333456455,120.45124999999246,
2977,1.5885,-5.904583333456344,146.94041666665828,
2978,0.248088,-5.903750000123011,146.93708333332484,
2979,0.100362,-5.902916666789736,151.21374999999148,
2980,0.887309,-5.899583333456292,146.9287499999914,
2981,1.61306,-5.89791666678957,146.92541666665807,
2982,0.32689,-5.89375000012268,154.73124999999118,
2983,0.364234,-5.88999999948129,146.91833333469128,
2984,1.39001,-5.887083333455962,106.0279166666599,
2985,0.215686,-5.887083333455962,155.26541666665787,
2986,2.44777,-5.885833333814219,106.0745833333267,
2987,0.432767,-5.88541666678924,120.45291666665912,
2988,0.218844,-5.87791666678919,120.45291666665912,
2989,3.47415,-5.876250000122354,146.91291666665802,
2990,0.141177,-5.869583333455637,155.23708333332445,
2991,0.507062,-5.868750000122304,151.27541666665795,
2992,2.15064,-5.867083333455582,148.74208333332467,
2993,8.20012,-5.866666667145751,155.2045833333243,
2994,2.89218,-5.864583333455471,155.2154166666578,
2995,0.127958,-5.862083333455473,148.74791666665806,
2996,0.248493,-5.857083333455307,146.79874999999151,
2997,0.347378,-5.856666667144793,155.1920833333246,
2998,0.253453,-5.853750000121863,154.74791666665794,
2999,0.358012,-5.852083333455141,146.80291666665835,
3000,0.347483,-5.852083333455141,146.89291666665827,
3001,1.93627,-5.84875000012164,146.88541666665856,
3002,0.23054,-5.847916666788365,148.64791666665792,
3003,0.439883,-5.847083333455089,151.30041666665784,
3004,0.227061,-5.843750003611547,146.81499999999153,
3005,0.133575,-5.843750000121702,146.87541666665845,
3006,1.02414,-5.840416666788201,120.45708333332595,
3007,3.88886,-5.839583333454925,155.18458333332433,
3008,0.29787,-5.83916666614482,146.7700000013541,
3127,0.560987,-5.595416666782455,146.29541666665818,
3128,18.6046,-5.593750000115733,119.55374999999287,
3129,1.65262,-5.591250000115736,146.28041666665854,
3130,17.7799,-5.590416666782289,105.17291666666011,
3131,5.53204,-5.590416666782289,146.35958333332496,
3132,4.54092,-5.587083333448959,105.18124999999338,
3133,0.918858,-5.5862500001155695,120.1237499999927,
3134,0.576739,-5.585416666782237,119.9012499999926,
3135,0.1316,-5.585416666782237,120.39458333332618,
3136,1.81704,-5.584583333448848,120.07374999999286,
3137,3.4581,-5.58500000045251,120.0887499999926,
3138,4.74244,-5.58500000045251,120.10124999999266,
3139,4.0177,-5.584166667119064,120.13374999999267,
3140,0.324809,-5.584166667119064,146.35041666665825,
3141,0.202055,-5.582916670274187,122.58916666665914,
3142,0.17191,-5.58208333344885,134.63458333332528,
3143,0.806218,-5.581250000115404,148.3229166666581,
3144,2.24618,-5.581250000115404,155.0570833333245,
3145,1.22932,-5.580416666782128,120.05791666665937,
3146,3.86569,-5.578750000115349,120.05291666665914,
3147,1.01865,-5.576250000115351,151.82958333332454,
3148,0.179852,-5.576250000115351,155.0520833333244,
3149,0.164308,-5.575416666781962,104.29958333332657,
3150,4.68414,-5.575416666781962,119.90874999999266,
3151,2.48824,-5.574583333448686,120.04041666665933,
3152,0.285937,-5.574583333448686,146.25624999999184,
3153,266.702,-5.57375000011524,105.81791666666004,
3154,2.65204,-5.572083333448632,146.26458333332482,
3155,4.64663,-5.571250003607133,120.15666666665923,
3156,1.39308,-5.568750000115188,120.0179166666594,
3157,0.647851,-5.567083333448522,151.44624999999144,
3158,1.33496,-5.566250000115076,149.32541666665804,
3159,0.175696,-5.565416666781744,149.28958333332457,
3160,0.206407,-5.564583333448354,105.2395833333265,
3161,12.8899,-5.564583333448354,120.17291666665948,
3162,4.59622,-5.563750000115078,120.01041666665924,
3163,2.17107,-5.563750000115078,120.3779166666593,
3164,0.452671,-5.563750000115078,146.1979166666581,
3165,0.106167,-5.562916666781632,104.73791666666006,
3166,0.761668,-5.562916666781632,105.24291666665977,
3167,0.208692,-5.562916666781632,151.610416666658,
3168,0.23176,-5.562083336940532,105.36999999999324,
3169,2.31582,-5.560416666781634,146.18708333332518,
3170,4.91858,-5.559583333448359,119.99874999999248,
3171,6.51793,-5.559583333448359,120.19624999999267,
3172,0.789821,-5.558750000114912,122.89291666665927,
3173,4.49107,-5.558750000114912,155.0170833333243,
3174,13.2948,-5.55791666678158,150.27624999999148,
3175,0.440769,-5.55791666678158,150.28874999999118,
3176,0.105583,-5.557083333448304,149.42708333332484,
3177,5.71406,-5.552916666781471,119.96291666665924,
3178,3.18267,-5.552916666781471,155.0087499999912,
3179,8.04446,-5.552083333448138,120.20541666665964,
3180,24.2593,-5.550416666781302,150.15124999999125,
3181,1.51522,-5.550416666781302,150.1679166666579,
3182,2.1621,-5.548750000114751,119.92708333332598,
3183,0.407175,-5.547083336940261,150.2008333333248,
3184,0.590367,-5.547083333447972,154.88208333332443,
3185,3.20256,-5.546250000114696,119.5212499999925,
3186,4.93541,-5.545416666781307,119.94374999999263,
3187,0.15836,-5.545416666781307,149.73041666665813,
3188,0.115814,-5.544166666126614,104.72666666799836,
3189,3.23485,-5.544166666126614,119.93749999865427,
3190,0.366761,-5.5429166702735415,104.5308333333266,
3191,0.164943,-5.542916666781252,154.76458333332482,
3192,2.33121,-5.542083333447863,149.6937499999915,
3193,0.124515,-5.542499999459892,150.64166666531992,
3194,1.95632,-5.542083333447863,151.89124999999115,
3195,9.48191,-5.54125000011453,150.1395833333247,
3196,2.13889,-5.54125000011453,151.86374999999111,
3197,0.31654,-5.540416666781141,146.11791666665818,
3198,0.982272,-5.538750000114533,120.36874999999291,
3199,0.150596,-5.537916666781086,150.5970833333248,
3200,2.10901,-5.537083333447697,146.1687499999914,
3201,0.147391,-5.537083333447697,148.5487499999913,
3202,1.78884,-5.537083333447697,149.67124999999146,
3203,0.31184,-5.537083333447697,154.95291666665776,
3204,0.313301,-5.536250000114364,105.24791666665992,
3205,14.3349,-5.536250000114364,120.24958333332596,
3206,1.37621,-5.536250000114364,151.6437499999912,
3207,0.532015,-5.535416666781089,148.54624999999123,
3208,0.10784,-5.534583333447642,151.4579166666581,
3209,10.0404,-5.533750000114367,104.53458333332674,
3210,14.2409,-5.530416666780923,119.43624999999248,
3211,0.475074,-5.529583333447476,151.74374999999122,
3212,1.35248,-5.528750000114201,150.120416666658,
3213,2.37923,-5.527916666780925,149.67124999999146,
3214,0.30255,-5.527916666780925,154.75791666665793,
3215,0.16254,-5.527083333447592,148.52208333332464,
3216,0.533538,-5.527083333447592,150.11541666665812,
3217,2.21298,-5.527500000447162,150.5912499999913,
3218,1.81376,-5.526250000114203,120.36041666665948,
3219,0.300984,-5.526666667113773,122.8487499999926,
3220,0.310314,-5.52541666678087,150.3120833333246,
3221,0.126315,-5.524583333447311,105.2462499999932,
3222,3.27822,-5.523750000114035,120.35791666665932,
3223,0.110313,-5.523750000114148,148.82624999999132,
3224,9.9687,-5.52166666612527,120.29583333198956,
3225,4.50796,-5.52125000360644,150.71749999999156,
3226,0.224593,-5.520416666780704,149.12958333332472,
3227,0.326031,-5.520416666780704,149.86708333332456,
3228,0.55971,-5.520416666780704,151.5095833333246,
3229,0.901945,-5.518750000113982,150.10041666665802,
3230,3.51842,-5.517916666780593,104.55041666666006,
3231,0.700854,-5.517916666780593,148.51874999999154,
3232,5.09599,-5.517916666780593,149.54291666665802,
3233,0.369073,-5.516250000113871,104.67708333332666,
3234,2.58851,-5.516250000113871,104.6854166666601,
3235,0.269486,-5.515416666780595,151.72208333332446,
3236,1.3522,-5.513750000113873,147.88291666665828,
3237,6.6349,-5.513750000113873,151.69291666665777,
3238,0.359863,-5.512916666780541,149.55208333332462,
3239,4.43983,-5.512916666780541,151.67458333332456,
3240,1.39366,-5.511250003606278,150.33166666665807,
3241,0.166142,-5.509583333447097,104.64958333332665,
3242,0.231551,-5.507916666780432,148.51708333332465,
3243,0.22026,-5.507916666780432,149.1062499999914,
3244,0.105185,-5.507916666780432,149.78041666665786,
3245,0.235775,-5.507083333446985,146.04874999999151,
3246,2.67664,-5.506250000113653,146.0787499999916,
3247,0.172178,-5.505416666780377,146.04124999999158,
3248,2.00578,-5.505416666780377,149.89374999999143,
3249,2.04427,-5.503750000113655,150.09541666665814,
3250,11.7533,-5.5025000004447975,150.5862499999913,
3251,0.385448,-5.499583333446822,104.20374999999342,
3252,4.23035,-5.497916666780213,104.61708333332643,
3253,0.119946,-5.497916666780213,146.01208333332488,
3254,0.14296,-5.496250000113378,104.60291666665984,
3255,0.629101,-5.496250000113378,104.60541666666012,
3256,0.401657,-5.496250000113378,145.9154166666583,
3257,0.223955,-5.495416670272675,105.25333333332662,
3258,0.605217,-5.495416666780102,148.86458333332484,
3259,0.800724,-5.494583333446826,146.0312499999916,
3260,0.195882,-5.492916670272621,145.99583333332487,
3261,0.678279,-5.492083333446772,145.797916666658,
3262,4.15562,-5.491250000113325,145.86874999999156,
3263,30.2952,-5.48958333344666,119.4154166666592,
3264,0.498925,-5.486250000113159,145.77791666665803,
3265,0.226562,-5.483750000113218,150.10124999999152,
3266,1.33595,-5.483750000113218,150.90124999999125,
3267,0.227943,-5.482916666779772,104.18124999999338,
3268,0.373109,-5.4787500001130525,145.76374999999143,
3269,13.0417,-5.477916670272293,150.57749999999123,
3270,0.130904,-5.477083333446444,151.9995833333245,
3271,0.235066,-5.476250000113055,145.75958333332483,
3272,4.20308,-5.476250000113055,145.85958333332474,
3273,2.1346,-5.4737500036055735,105.31749999999327,
3274,1.83778,-5.473750000113,145.9395833333249,
3275,0.415616,-5.474166666122414,150.57083333465732,
3276,0.762119,-5.472916666779554,150.38708333332477,
3277,0.12427,-5.468750000112834,150.56458333332466,
3278,0.595873,-5.468750000112834,150.83041666665804,
3279,0.118782,-5.468750000112834,154.77208333332464,
3280,0.401334,-5.4662500001128365,105.2529166666601,
3281,0.183945,-5.464583333446001,154.7062499999911,
3282,0.42328,-5.463750000112668,150.09791666665797,
3374,0.463557,-5.264583333441351,152.08291666665787,
3375,0.437958,-5.261250000107964,122.53958333332594,
3376,1.83073,-5.261250000107964,150.067916666658,
3377,4.27226,-5.258750000107796,145.77708333332498,
3378,0.16652,-5.258750000107796,147.1645833333249,
3379,4.7354,-5.258750000107909,151.0337499999912,
3380,30.8312,-5.253750003601226,105.8633333333264,
3381,2.03572,-5.251250000107746,119.37958333332584,
3382,0.110757,-5.251250000107746,122.3087499999924,
3383,3.26426,-5.251250000107746,122.5787499999924,
3384,0.104332,-5.242916666774136,122.58124999999256,
3385,0.363992,-5.242083333440746,150.06958333332454,
3386,0.644428,-5.240416670267621,122.03666666665936,
3387,0.120284,-5.236250000107418,103.9420833333266,
3388,0.230538,-5.23583333277486,152.06416666797054,
3389,0.100997,-5.234583333440526,103.91208333332668,
3390,0.293428,-5.227083333440532,122.3154166666592,
3391,17.1455,-5.226250003600626,120.3141666666595,
3392,4.98714,-5.223750000107032,151.0470833333245,
3393,0.133268,-5.219583336933852,122.80999999999256,
3394,0.143676,-5.212083333440148,147.08124999999131,
3395,0.273568,-5.2108333337506,154.71124999999097,
3396,0.160227,-5.209166667083764,152.03208333332452,
3397,0.12986,-5.202083333439873,121.83124999999244,
3398,0.181809,-5.196250000106431,152.02124999999114,
3399,0.262045,-5.193750000106263,122.58791666665913,
3400,107.91,-5.192916670266584,119.38916666665932,
3401,1.06724,-5.188750000106211,103.93124999999344,
3402,0.194739,-5.184583333439491,151.99208333332444,
3403,0.204928,-5.181250000106104,122.58708333332618,
3404,0.118157,-5.181250000106104,138.05124999999225,
3405,0.113918,-5.177083333439327,122.9204166666592,
3406,0.254791,-5.172916666772494,103.93624999999328,
3407,0.642757,-5.171250000105772,105.8612499999934,
3408,15.4655,-5.170416666772439,120.27874999999278,
3409,0.133086,-5.169583333439164,151.97958333332474,
3410,1.74309,-5.168750000105717,121.8245833333259,
3411,153.95,-5.168333332770942,119.39666666796631,
3412,174.556,-5.167083333438995,119.40291666665952,
3413,0.130997,-5.166250003599373,122.58833333332586,
3414,0.281916,-5.162916666772276,151.9762499999913,
3415,0.172423,-5.160833333745984,151.97541666665802,
3416,1.24352,-5.157916666772223,103.93541666665988,
3417,0.131803,-5.157916666772223,121.87041666665914,
3418,2.1594,-5.157916666772223,145.79958333332502,
3419,6.20103,-5.153750000105504,154.5670833333245,
3420,0.119977,-5.15041666677206,122.594583333326,
3421,0.531731,-5.145416666771951,103.92791666666,
3422,24.1202,-5.14208333693216,120.27166666665936,
3423,0.187807,-5.1420833334385065,122.31791666665958,
3424,0.832932,-5.141666666102765,151.95000000129596,
3425,0.167776,-5.137916666771787,103.92041666666012,
3426,41.6466,-5.127500000409441,119.4462499999928,
3427,1.19089,-5.125416666771457,151.11624999999117,
3428,78.0002,-5.124583333438011,119.47291666665932,
3429,0.16056,-5.124583333438011,150.08458333332464,
3430,0.342167,-5.122916666771289,150.08708333332493,
3431,32.9847,-5.119583333437959,119.4412499999928,
3432,0.792667,-5.119583333437959,151.95041666665793,
3433,16.6777,-5.116250000104515,119.49874999999248,
3434,0.910229,-5.115416670264892,151.13166666665813,
3435,0.139716,-5.112083333437795,120.28958333332604,
3436,20.0615,-5.105416666770964,120.28624999999248,
3437,7.40997,-5.103750000104185,120.2862499999926,
3438,5.95995,-5.099583333437465,145.8054166666584,
3439,1.22639,-5.0887500001038575,151.1645833333248,
3440,0.511115,-5.083750000103805,151.94958333332443,
3441,4.27922,-5.082083333437083,119.47291666665932,
3663,0.21168,-4.577083333425094,145.9145833333248,
3664,0.139749,-4.572916666758488,145.91708333332485,
3665,2.58986,-4.57041666675849,121.479583333326,
3666,2.20611,-4.567083333424932,145.51291666665816,
3667,9.07159,-4.562083336917624,152.35916666665787,
3668,0.647782,-4.559583333424882,103.07208333332647,
3669,7.62887,-4.557916670250904,136.05749999999193,
3670,0.281662,-4.555416666758049,105.8995833333264,
3671,0.104095,-4.552500000355508,146.04208333332497,
3672,1.54455,-4.544583333424441,121.48208333332605,
3673,0.743795,-4.544166666068463,146.02833333457875,
3674,0.246623,-4.542083333424444,103.05124999999316,
3675,0.10014,-4.542083333424387,151.61791666665795,
3676,3.63483,-4.542500000354551,152.3462499999913,
3677,4.09316,-4.5404166667577215,119.58958333332588,
3678,1.25046,-4.536250000090831,145.95874999999137,
3679,1.80505,-4.535416666757556,121.48624999999254,
3680,0.756583,-4.534583336916967,103.03916666666017,
3681,1.15363,-4.534583333424223,146.01374999999177,
3682,3.41121,-4.5337500000908335,145.96291666665832,
3683,3.74894,-4.532083333424112,122.1070833333257,
3684,1.46249,-4.531250003583466,152.33833333332473,
3685,10.5083,-4.530416666757503,145.48208333332502,
3686,2.05087,-4.530416666757503,145.96541666665803,
3687,0.368904,-4.529583333424114,123.15791666665903,
3688,4.6843,-4.527499999400902,103.0208333345791,
3689,1.07076,-4.52625000009067,151.6212499999914,
3690,0.749768,-4.524583333423948,145.4729166666582,
3691,0.199679,-4.522916666757226,122.8729166666592,
3692,1.48133,-4.5212500000906175,145.98958333332484,
3693,1.08964,-4.51791666675706,121.49208333332604,
3694,15.9069,-4.517500000352129,120.37874999999268,
3695,25.7317,-4.517083333423784,122.17124999999248,
3696,0.623801,-4.513750000090454,145.46624999999153,
3697,46.1332,-4.509583336916251,152.33499999999128,
3698,0.169557,-4.507083333423566,105.8987499999932,
3699,0.153341,-4.501250000090124,122.8870833333258,
3700,0.692306,-4.500416666756792,145.4220833333252,
3701,3.03334,-4.4987500000900695,145.41874999999175,
3702,4.20873,-4.495416666756682,152.3320833333247,
3703,0.568517,-4.491250000089963,145.43291666665834,
3704,3.02475,-4.491250000089906,152.33291666665787,
3705,0.321446,-4.490416666756516,153.0245833333246,
3706,6.07452,-4.488750000089794,121.50041666665923,
3707,0.256357,-4.488750000089794,122.272083333326,
3708,0.163984,-4.488750000089794,122.89291666665927,
3709,0.617684,-4.488333333682817,122.25041666665948,
3710,28.8996,-4.487083333423072,102.89958333332665,
3711,0.257541,-4.485416666756464,122.204583333326,
3712,0.544321,-4.482916666756353,122.29458333332582,
3713,0.134499,-4.482916666756353,153.02541666665775,
3714,1.88731,-4.481250000089631,122.22624999999256,
3715,2.07766,-4.47833333368186,122.2187499999925,
3716,0.456091,-4.468750000089301,122.34458333332576,
3717,0.32082,-4.467916666756025,153.02874999999142,
3718,0.127786,-4.46666666701401,122.34791666665932,
3719,1.6706,-4.463750000089249,105.90291666665983,
3720,0.105616,-4.463333332730599,152.34416666790491,
3721,10.9431,-4.462083333422413,102.89874999999348,
3722,0.155382,-4.461250000089137,153.03291666665802,
3723,1.95295,-4.460416666755862,145.39874999999154,
3724,0.248504,-4.455416666755696,121.51374999999256,
3725,19.6292,-4.451250000088919,119.59958333332612,
3726,0.44832,-4.447916666755532,153.03874999999152,
3727,12.6555,-4.447083333422199,145.35791666665853,
3728,4.73923,-4.447083333422199,145.3812499999915,
3729,0.135097,-4.443750000088755,119.59958333332588,
3730,2.27758,-4.444166666062813,120.36500000123796,
3731,11.6038,-4.442083333422033,145.3570833333248,
3732,6.20232,-4.440416666755311,121.51791666665927,
3733,0.766064,-4.439583333422036,122.40124999999284,
3734,0.274933,-4.438750000088589,153.0487499999913,
3735,4.01832,-4.4354166702474345,122.52583333332586,
3736,0.225435,-4.431250003580658,102.87499999999336,
3737,0.888904,-4.431250000088426,152.3545833333244,
3738,0.229447,-4.430416666754979,121.51958333332573,
3739,0.100113,-4.430416666754979,135.34958333332543,
3740,2.32695,-4.429583333421817,119.60124999999266,
3741,0.122514,-4.426666667010295,153.05291666665778,
3742,0.408892,-4.422916666754929,145.35124999999164,
3743,0.241213,-4.415416666754823,122.967916666659,
3744,3.19314,-4.414583333421376,145.3479166666582,
3745,5.30664,-4.412916666754768,120.34791666665956,
3746,4.35476,-4.4104166667546,102.85124999999329,
3747,1.03949,-4.4104166667546,105.84958333332668,
3748,1.52838,-4.4104166667546,105.85374999999313,
3749,0.490458,-4.408333332727409,122.5658333345682,
3750,0.160241,-4.402500000341377,145.17958333332513,
3751,1.24417,-4.4004166667543245,105.82041666665975,
3752,0.141748,-4.4004166667543245,121.52458333332606,
3753,0.898232,-4.4004166667543245,145.1979166666581,
3754,6.52344,-4.399583333421049,145.17541666665807,
3755,1.03772,-4.399583333421049,145.20291666665833,
3756,0.447366,-4.3970833334208805,122.5837499999925,
3757,0.282923,-4.396250000087605,121.52208333332578,
3758,0.107009,-4.3929166667542745,123.01291666665908,
3759,0.171469,-4.392083333420885,105.81874999999305,
3760,1.11464,-4.392083333420828,145.33041666665827,
3761,2.74868,-4.391666666059848,120.35916666541846,
3762,3.49673,-4.390416666754163,102.82708333332651,
3763,0.549376,-4.389583333420717,145.1479166666586,
3764,1.80085,-4.387083333420719,145.24791666665806,
3765,0.137821,-4.3845833334206645,145.1604166666585,
3766,0.262305,-4.383750000087389,153.11374999999134,
3767,1.23466,-4.382916666753999,145.13458333332505,
3768,18.1541,-4.380416666754002,145.2745833333247,
3769,0.586902,-4.380833333672683,145.2912499999917,
3770,3.06952,-4.368750000086948,120.35874999999272,
3771,0.444161,-4.367916666753615,151.53541666665808,
3772,3.7872,-4.365833333671276,119.62374999999248,
3773,1.07861,-4.364583333420171,145.07124999999155,
3774,0.214984,-4.360416666753451,121.51791666665918,
3775,0.587019,-4.357916666753454,102.7995833333265,
3776,0.345709,-4.357083333420007,105.80208333332656,
3777,0.151867,-4.356250000086732,121.51791666665918,
3778,121.439,-4.35458333342001,105.80208333332672,
3779,4.63157,-4.347083333419846,102.78458333332674,
3780,83.8386,-4.347500000336197,120.38958333332585,
3781,1.60994,-4.345000000335915,145.02541666665832,
3848,0.514862,-4.202916666749559,152.07458333332443,
3849,0.278817,-4.201250000083121,119.6245833333262,
3850,5.42371,-4.201250000083121,152.4720833333247,
3851,0.222996,-4.200416666749561,120.37624999999277,
3852,0.694595,-4.200416666749561,151.694583333325,
3853,1.9724,-4.200416670240713,151.70333333332462,
3854,27.048,-4.199583333416285,144.88458333332505,
3855,0.393025,-4.199583333416285,151.59208333332458,
3856,0.393324,-4.19875000008301,152.68208333332473,
3857,0.327549,-4.195416666749566,151.6445833333246,
3858,0.131103,-4.193750000082844,152.68291666665775,
3859,0.78276,-4.193750000082844,153.03708333332463,
3860,2.81289,-4.191666666988283,102.58291666665993,
3861,7.87516,-4.191250000082846,121.59874999999272,
3862,0.191364,-4.190416666749513,152.01541666665776,
3863,0.663941,-4.187916666749402,152.48291666665773,
3864,0.141774,-4.187083333416069,102.57708333332675,
3865,2.69475,-4.177083336906776,119.63749999999276,
3866,7.68083,-4.177083333415794,144.84791666665842,
3867,0.192685,-4.175416666749186,114.69041666665989,
3868,0.158872,-4.169583333415744,102.55541666666012,
3869,0.354263,-4.158750000082023,122.68874999999264,
3870,0.491321,-4.158750000082023,152.18541666665794,
3871,0.116878,-4.152916666748581,153.03624999999113,
3872,0.188312,-4.150416666748527,114.62958333332608,
3873,24.5553,-4.1470833334150825,102.5245833333268,
3874,1.09669,-4.142083336905785,152.4733333333246,
3875,1.31839,-4.1404166667481945,114.7637499999928,
3876,1.77885,-4.1404166667481945,120.36208333332604,
3877,8.38286,-4.1387500000814725,121.61791666665933,
3878,0.941944,-4.132083333414755,122.66458333332572,
3879,0.331967,-4.129583333414757,122.95541666665927,
3880,0.226001,-4.125416666747867,119.62124999999298,
3881,0.524116,-4.124583333414591,105.80708333332672,
3882,0.105677,-4.123750000081259,153.6437499999912,
3883,0.411908,-4.12000000031486,114.79958333332628,
3884,64.1678,-4.117083333414428,105.78791666665973,
3885,6.57519,-4.115416666747649,121.61124999999254,
3886,0.296181,-4.113750000080984,153.01124999999115,
3887,6.59703,-4.109583333414207,144.84958333332474,
